{"alpha": 0.25, "Theta": [[0.5593726208824966, 0.0906026476008572, 0.07913280609723217, 0.18234510603731965, 0.7443194210581967, 0.06623453690267686], [0.13350875681004631, 0.18815465532858958, 0.7865788195836715, 0.6664470456398794, 0.06622720799429895, 0.031378486201974136], [0.16039129209439928, 0.19864091842779422, 0.01349089116188113, 0.08278987837803714, 0.03656992565722788, 0.053129033795002126], [0.14672733021305762, 0.5226017786427589, 0.1207974831572151, 0.06841796994476365, 0.15288344529027642, 0.8492579431003467]], "ThetaB": [0.23774732853726122, 0.26625003387952134, 0.25771881116456175, 0.23828382641865575]}