{"w": 4, "alpha": 0.55, "k": 15, "Theta": [[0.375, 0.1, 0.14285714285714285,0.1], [0.125, 0.2, 0.2857142857142857,0.2], [0.25, 0.3, 0.14285714285714285,0.3], [0.25, 0.4, 0.42857142857142855,0.4]], "ThetaB": [0.25, 0.25, 0.25, 0.25]}